1,2,3,target
-0.2715599514506215,-0.3257899942415889,-0.21384737579826957,5.955760784772649
0.8462481045724177,-0.3077388418670119,-1.1967404171364664,9.78875906494606
-1.7884644307150646,-0.6597019968037243,0.9070457013521662,-1.2469400681599419
0.2935267047395681,-0.81782364553686,-0.24966608195860218,4.862696622826233
1.2576945014359695,0.36967545773685,0.012761625352169204,10.259645782069697
-0.05415471958707316,0.8550317410894672,0.7138066188201861,3.5582322995611566
0.19392410330362664,1.7623652861333932,-0.11942408873297404,2.9696110080820697
-0.6727157818042546,0.38432884379816473,-0.4216525385457295,4.099175474616171
-0.17277686732370076,0.4434262373317318,-0.9284314468986485,5.224708228507324
0.7521894959841835,-0.6733973981379837,1.1884628319123796,6.645718096700494
1.5686161314987586,0.7919662252785212,-1.9464053027481814,9.107543472705485
0.7840184153126729,-0.5944582610350029,-1.0829084657312371,7.335328114151692
-0.20233330392705254,-0.5020235938465076,-0.5596130217134188,4.69431961358561
-0.547008085728033,-1.0422006426523354,-2.1930796535661985,1.8413653311983031
0.8810804675695441,-0.7640629214082576,1.3709509234923865,6.697154499857631
-0.15198166837354993,0.7962820028620726,-0.8551773390944256,3.589323350535059
-1.0911863204737084,-0.15059811439053966,0.6950611554514285,6.94865211643904
1.7743180552649847,-0.07553133219340613,0.1367377049072773,20.731306178196412
-0.6615851701656354,2.209727649385983,0.5434169666886199,-0.14751517885516074
2.5072115317381667,0.9316873696857376,0.42871580215735255,11.434930723711858
-0.17031573143143006,-1.4515653022799684,1.059728743391695,2.035732360382359
0.14457531346008257,0.4258844278435605,0.11374672131847699,6.252523677919058
-1.0123841444455284,-0.18851460160518282,-0.129543914696374,6.0694030507514345
-0.25307485068610075,0.014259853357368,-1.3038931715122846,35.55189021255001
0.27985057459026974,0.49533164906241195,-0.06663032581894704,6.20111453463784
-0.7781824938800416,-0.7636259298676876,0.36765290125448824,1.601780667316097
0.9548986844098427,-0.12824660196767862,-0.09844974236729853,14.420870991863163
1.0123624183675375,-0.5211416380749241,0.10414307455824133,8.325977746205385
-1.4157283999979255,0.3181277893936888,-0.6115169909887039,2.4945817058540776
0.3194137143840907,-0.26412191595277024,-1.081589207389064,8.759161091613908
0.15983570389629276,-1.4463371795925217,2.3872748618981965,2.911737784481068
1.5810495919340457,-0.3047353198864756,-0.19144338254614096,12.038097236487117
-1.4416701922183341,-1.5812942306670872,-0.8958930622207382,-1.9047049094201027
-1.2940424384279545,0.8328647232587623,-1.9565467191690171,-0.009058689500532568
-1.202132446126639,-0.5998099949688294,0.6901255554964638,0.886630839946237
0.13931105009052955,-0.7824102821098943,-0.14371034760141482,4.477270375388805
-0.16317820409870087,0.10897607457081603,-1.2596810626823354,12.074960159160744
-1.4535788821125086,0.843377969278366,-0.546929724882818,-0.6709924148049863
0.25628527026976416,1.5408991513188366,-1.2815800627780927,3.5118412439622846
-0.5104801476675442,1.290804546561434,0.11860667435961701,1.295599652017105
0.6720298673216463,-0.10693497211334475,-0.628523508647447,14.766512321223718
0.37096830892415983,0.8800854447834601,1.4728116933257611,4.735132522799449
-0.08033347490963041,-1.463552376448339,-1.0547862942791246,2.526585461000639
-0.655565340117059,-0.5929226744828457,0.5460198958267929,2.6531602630126327
0.011973373604466823,0.47160083923015955,-1.1954637741830298,5.627835100718317
-1.487540030588246,-0.890621008812773,-0.7510245271216561,-0.8877083327905566
-0.7364973263534147,-0.00633851108723308,0.3010856436896712,52.47836221934996
1.1254189880307752,-0.7579092787744502,0.18990191684660562,7.620552243814377
1.7053323477720856,0.9295538677892065,0.17315454233568342,8.948828130696649
-0.3612563224482256,-1.7461760124977275,0.5326162789814824,1.1707198120194986
-0.33247368886194467,-1.5233774957546393,-0.5703995794944877,1.6147515936335917
-0.18989665232155098,-1.3516119974835838,0.40859912765394,2.182318825653377
0.8273897822510216,-2.6997051513398156,-0.5596314837397046,4.361529679148302
0.10819982933045187,0.9187104296813888,0.5169809451961636,3.9208443004770617
-1.516141689797708,0.3905867501231606,-1.3981646421641063,1.485332629858386
1.0480977967013172,-0.5856031058233554,0.14497567816764229,8.085159296861836
-2.072350872012258,-0.4418684809719752,0.6423469671728843,-0.8944320779022628
-1.225958796273678,0.01908545469890953,1.392999696575207,27.16157440610549
-0.3597083956347246,2.2738425031217195,-0.6477877125279515,0.8833039636181038
-0.1514978729274618,-0.5803789142267977,-0.7674867756184903,4.435670004583007
-1.0268932496103957,-0.16324615777330753,0.4347745432353644,6.727129558160914
2.2819407833012653,0.8180684206900845,-1.2629305110017088,11.207375493203784
0.45675472771139825,-0.28432496914956,-1.5363030240700761,8.919463699141806
-0.8675431076632949,0.06837719146444343,0.6123983692809355,13.204474380190256
-2.3589989301379806,-0.42970695973812734,-0.9517711655084069,-1.5355751468623047
-0.0425886147437997,0.6081921680393614,0.8184357231300333,4.475125528578999
0.13714003402956684,0.28747756643640054,-0.22978890436065635,7.744012052332014
-0.8011773141102,-0.13903023827292216,1.3889822191323389,8.245065523122515
0.4010542278659565,-0.1726222648902712,-1.8987595891627806,11.138434472444107
0.2569024062189577,0.5879401772929412,0.0707038398721506,5.595905743928752
0.769866778257784,0.7178249349948015,0.7047813735895945,6.587282884200459
0.5557340398383321,-1.2165810414777203,0.1952976069669141,4.7545609557265145
0.34807776928495343,-0.9871760451161944,0.4046368369040596,4.523183118500693
1.9867292995447872,-1.2273518381172988,0.5440905961263585,9.194235125546198
-0.5677209166632815,0.25968814183456207,0.07715940735047666,5.929793451663378
1.1737485409823163,0.49003250233236123,1.0282556634887756,8.922012173520248
-2.02671387708909,-0.8459610852902965,-1.3203385957014242,-2.4050709680819935
-1.6229437765730685,-0.08714317190432865,-0.8915013322107473,9.046716884095272
0.2079499697072713,0.3244288398077966,-0.9701475359334576,7.553388024947538
-0.6699622840620998,-1.6853508483406292,-0.44692641776511255,0.3647632841612999
-0.7714421625185708,-0.42115721712132526,-1.1068223115806217,3.5350123139494283
-1.1861002799419817,1.3767468086555334,2.5765675203610927,-1.2503007049833184
0.5216346880071994,0.35550156510994657,0.9561402076318766,7.986901470199207
-0.44296128139230906,-0.5430117676931834,0.7455053249275122,3.558009119297206
1.2740869605921827,0.7149597400979825,0.7880788975288233,8.17234365800096
-1.4172870995149878,0.42639852740244616,-1.4100845950446717,1.4917946096033352
-1.4280739802707862,0.7082869089555515,-0.16311084596955064,-0.1884287651238088
-0.6625607104605115,1.9241624524890868,0.07153576972921781,0.11496870271572024
-0.7284577318074198,-0.7304663590816006,-0.2925906684913997,1.9420069290514217
2.0910910490734467,1.4861121861506814,0.594400151416321,9.150517806127903
1.0563824382716351,-0.13121148220464182,-1.8603158793773273,14.766344092903639
-2.180172203429824,-0.21975227050760265,0.5811563607584946,1.5685692703589436
0.8736600840405363,1.2378251543809926,2.077136234233637,5.494777652436062
0.966748757217112,0.025264335967052257,0.4662542386369399,29.94847483502707
-0.4120012128032456,-0.8708840005794946,-3.198534651732545,2.754273540956776
-0.3600163885398636,0.6069534856042729,0.9494203439336727,3.4685615251229214
0.058995939259191714,0.46037032494471486,-0.15697039881289798,5.752082539314453
0.5868243180693372,-1.1918383699074524,-0.6572794064001739,4.981541908264419
-2.1141099163853037,1.2773802365001046,-0.06213586064190173,-3.7027499729709668
-1.1080751309705306,-1.4655956063564097,0.33632716995771056,-0.8459716277255436
0.006346249890619118,2.338889628969957,0.3375547312276963,1.889846260265141
-0.417855184511596,-0.602908298271909,0.14569384244808298,3.3956975602366946
-0.180351736753491,3.153559446311604,0.01875962816164013,0.9341767314191798
-0.48473987408498637,1.2938778196527279,-0.3171400934374936,1.4172528954365848
0.06732342371937682,-0.9561011499317478,-1.3066679415053188,3.885447516662577
-1.1505825262476412,-0.5090681390790419,0.5204170440646089,1.558136406639831
-1.4834535303567178,-0.9375905763076315,-1.660767608543772,-0.9099020978685087
0.7628518515192352,-0.7447486203100515,1.0926699020827586,6.424621613112199
0.3585915980879124,-0.8976346979820002,-0.15676002963411115,4.833952878524045
2.3584800283936698,1.3168098514823532,-1.2725454541476788,10.407933715249102
-0.11699819614567852,0.9771374122401705,-0.015730449278603446,3.1302331577943034
-1.129070862635705,2.011981182074613,0.19493703565073217,-1.4345062347015538
-1.5239994214662964,0.7892818933270003,-0.5371954275323059,-0.7300941750082102
0.012581668169990737,1.173859015109886,0.17693187378180109,3.1228406473918673
-0.4072081531089279,0.29812095911514597,0.15480259240263797,5.844213843409707
-1.3472583369108357,0.21630295803650834,-1.1414331256974926,4.436995592183635
-1.3175209798023164,0.28466784246231713,-1.3159524612641025,3.3204135308097866
1.7062794168361604,-0.18268987832661995,0.03888861752579064,14.754577672002782
0.0021795533795663244,0.51230158118968,-1.1958298678821613,5.334696234585809
-0.029866606763300066,-0.27601386692039015,-2.214895654187003,7.573945161741056
0.37968847035704306,-0.77354754929368,-0.3010203425969277,5.277330800801962
-0.8551446761699614,0.6110357831016338,-0.7670918321921707,2.076826802819694
-0.9538073989486339,0.8174855527015387,-2.480460727465283,1.1491165053969732
-0.9750338068530803,0.13594975975918117,-0.6803834477375974,8.059934369570431
0.7866765114466969,-1.3851730385358956,0.05491252133113709,5.2419055213962515
0.26011840828568616,-0.35006579040202246,-0.006313275040653587,7.329626551297757
0.7482256571683853,-1.1732159922086753,-1.1590447116839908,5.568829305605944
-0.877578451938665,-0.32368494286699767,-0.24996285146987038,4.080889494271743
0.6900187486779704,0.9705951480895604,0.16222264216762894,5.661784626533896
-2.029972696244416,0.5223551049638192,0.2563899501115181,-1.2553033753835676
-0.026875145159865388,1.0055495544518498,0.07011408653043821,3.3403174551005894
0.20353073363658603,-0.45584477082401437,1.9681693242644567,5.991752669643006
-1.5707182837939566,-1.0455803257823293,1.423603097861344,-1.7498891922594608
2.512508237636487,0.32600831318427487,2.0256511588742256,14.43937572171366
1.2343855873373675,-0.9807442123874857,0.08556015086316537,7.356743993770002
0.9614523951262192,0.1094804862846504,2.212935019009781,15.190175819969735
1.2518568221234736,0.16452392336397206,-1.234563246391042,14.012076569789079
-0.7828450951217559,1.443087712012133,-1.3535301769652563,0.37326400326680254
-1.9333786092181113,0.293987825876233,0.055936326663037814,1.1171602886224896
0.536226814181706,-0.7207962358917335,0.6820323834425565,5.845036463397888
-1.6627884198309837,-1.0699873909661408,-1.1837273555471086,-1.80991902741462
1.4252838927820006,-0.7901388031555705,-1.2896236230466491,8.604659761746621
-0.9865504166480396,-0.6395855273776552,-0.6560850678554102,1.5248051083625445
-0.7486220930392111,-0.6983113427583298,0.5919771056428521,1.9023234787154495
-1.0668760058465871,0.3725131690210322,0.13317268498978072,2.916112398017182
-0.7717552072180209,1.0904037187411155,0.9435369491639033,0.7271569758295144
-0.6174955069340662,0.10694558399760988,-0.17015246768392342,10.66836613600848
-0.15892357643915067,-2.071825865089966,1.9684888675939631,1.3579940289315293
0.8938671644332201,0.7701753494117447,0.7426640814326885,6.791114428161058
-0.7339366600999274,2.4464842917998215,0.3893010555016151,-0.5061087568643117
-0.4730356863825207,0.46366382803920614,-0.9806550000990826,4.139110781152672
-1.7495718093051087,0.4918940155149814,-0.2947861564459953,-0.12889042272164153
-0.6042265146359627,-2.1739297895430028,-0.07242597919492413,0.12372514849560956
-1.5520005137927613,-0.4195221032215923,0.4870415060917407,0.9334237705490809
0.7564016386373276,0.2331261365175431,0.6985664795830602,10.504889999979067
0.762094207845853,-0.1087729833878703,1.5363579365978015,14.694355493401352
0.8398578142317026,-0.6861528589862647,-0.35938934653863636,7.041108736018693
0.5124747046928954,1.6392546161403023,-0.3777657846565161,4.12032294155316
0.4737686404232711,0.08294289571421445,-1.9537357454325448,16.106628493178277
-0.6098483255034168,-0.49643150461443925,0.20830399310184525,3.369858758122701
1.1623492378850033,0.6882823881219394,-0.7238428835712861,8.08220970053124
-1.5012356832526448,-1.0156234795372991,1.4021241213927194,-1.465340686436795
-0.0007933729722358183,-0.6376170504158273,-0.36500205590617707,4.601160558786997
-0.13350336278543168,1.2246942025958698,0.09235260851869499,2.5869006835815886
0.9737669177733824,0.5121158442261156,0.3977587439119957,8.226977508423104
-0.32638107636699254,0.7622529857199108,-0.41150962714127415,3.107660712462016
0.13545131497734667,-0.33271012653141613,2.5031432812450336,6.828965324159579
0.6581075151559872,0.09966440214095315,1.5627883424227917,14.966728755911799
0.7425851213169623,-0.633990607042008,0.43876771560922423,6.867408940561743
0.05707760136815713,-0.8769992788825326,-1.6888291134232056,4.088208753778856
0.004167175395628279,-0.06473609666577182,-1.1477135167909152,16.595029211408754
-0.6119335264766463,-0.3342565972027234,-1.1671316913660035,4.880626565083801
-0.31054009442676633,-0.8544917391042024,-0.26333095648905985,2.8597620475643355
-0.14296639543658843,1.505631378947954,0.14375090093781484,2.157677626806043
0.8197978621692471,-0.3416993797052064,0.8491282989858863,9.085064454686162
-0.21186740583178193,0.21339812971908298,-0.9885419182868601,8.054353393180804
-0.3072665346445145,0.441710798703376,1.9141197881454892,4.498512032137563
0.45635922095285525,-0.6452145753207906,-1.59452202252001,6.121398952648685
0.05339695539017387,-0.7279008955809991,1.5228654408293691,4.203037632224094
0.3667580736394837,2.8852075502636683,0.8159372461561332,2.6789835725552837
0.33475141030652067,0.0562577914507648,1.2275111033987627,18.651710547450723
-0.05773134142145338,1.1797970731467828,0.6796692602578988,2.8361899276738383
0.04791777099988312,0.6861401743970139,-0.05063887779433475,4.521369263580619
-1.1730301151663238,-2.003882085232816,1.250962274215798,-1.6864128687777087
-1.2399195915325916,-0.830363491624225,1.1173641327229826,-0.14291367381662923
0.747181136210231,0.3299339315312993,0.18152832966632898,9.06558745575756
0.9856851010469974,0.19914043795502964,-0.30966322996498624,12.088224481872988
0.8443247568812661,0.12965581821675104,-2.025781871734413,14.187740081553533
-0.6091514659973544,0.5223850844486051,-0.5598438531762397,3.2928218856369824
0.2730000954457874,-1.1594863860067801,0.9054030835555872,3.885040682200546
0.12059924462306243,0.048378040651511404,-0.21262948312161506,19.607629786096822
-0.30351737255666006,-0.38347241261210263,-2.2318663625827644,5.433141273632987
-0.45236447807100616,0.43273843347496993,0.34464978555388626,4.29810996239807
0.1602416905613426,0.25436759453507696,-0.681683353337063,8.384962078293297
0.4222349350243546,-0.4522170301491938,0.6524723443334693,6.864453249433582
-0.44509200949518263,0.7796656415468263,-2.2439927716359653,2.8456787422174386
-0.7699832175845479,0.7057519294315503,0.10950891953746716,1.8598570232261988
-1.2106808814317733,-0.19054639444844398,0.2196187469415248,5.354749569260675
-0.2869458712413585,1.9534318852233314,0.7661333632817118,1.1944017018181796
1.3874989879367676,-0.9442099587889007,0.44097011785205503,7.885262938680617
0.32000877516822046,0.3537792940803087,0.4479278154393752,7.42925963807198
-0.29894767899145835,-0.7817476338613225,0.9733869262964681,2.9795430107185488
-0.1423781675832246,0.44029245606748113,-0.5380355553123786,5.3058419885435
0.08642250947426543,0.35775556791143537,1.4769641965415383,6.533737322295466
-0.0707953386345868,-0.9468195915668011,0.2612959615067673,3.3172327875770025
1.6559093993195482,1.4401994567809064,0.36443226845038307,7.866496496974487
0.1913978166231208,0.39596776165377445,0.4752329714164987,6.612921588554112
-1.8272625489060608,-1.3799332685443133,-0.5435326169813784,-2.901403569663151
-0.8448096731439528,0.3422364869315985,-1.6281424117426504,4.100798529163702
-0.2911674076049212,0.13270551731004723,-0.5936362311493899,10.346268563129826
-0.6434774685932033,-0.2675128975528776,-1.5679432322588762,5.7237351104541485
1.3803753135766033,-0.5489573921607112,-0.49669551526314604,9.386138113381902
0.5119338561558436,-0.35668981353717466,-0.5404281471873054,8.10533490432868
0.5168828135972635,-0.7514354976153987,-1.3640122170865405,5.884795374715245
-0.09422437502142883,0.6817792829173076,-1.875783652938071,4.2659558413746606
-1.5533752866877955,-0.8054744672845865,-1.0830036907347003,-0.8201123680603695
0.3820774902738616,0.5780569083570489,0.8770518757622323,5.949163044042033
0.851331107499717,-0.4081134051443429,-0.9043368030760184,8.722497781744709
-0.01986843477867322,1.7290250594186718,0.4775897712489763,2.265976093343313
-1.062421897862965,-0.44010301028338394,-1.699058262736413,2.5256745814350827
-0.12400702650755936,1.0656511675840814,-1.1112935844626837,3.026275481886274
-1.100992053306877,-0.5652139005455722,0.1492900515202748,1.4369594442859162
0.718648228202746,1.4678529130880091,-0.6681410958636589,4.994070022104539
1.4065267682566482,-0.6427989107530129,1.1567243037838628,8.832571334997091
-0.7813678823690814,-0.9139845549390556,0.5918923076407807,1.1297899307633308
2.536181411386355,0.004212158100543174,0.40656035518050665,75.40409673569135
0.07544309138838183,0.27459376057502843,1.0601084539441308,7.600331528416502
-0.851359586015038,0.7869153997344407,-0.4633060214736822,1.3831974919040395
0.6913251281002257,-0.8142618257567202,-0.9212239028057667,6.189690847421103
-0.1951391469947908,-1.438577765931468,1.096077784398752,1.9700714307682576
-0.43131792820501663,-0.8427235689841307,-1.8660768587251004,2.6649064729825165
0.8280383532580498,1.1037198288329244,-0.394401124342282,5.872525666233049
-0.4363197503904621,0.5246361621174888,2.4755216206762825,3.46730946034548
-1.6568551829560016,0.3462811320310525,-1.2414242275614529,1.4701528791348475
-1.367508578527262,-0.22595354139501903,0.5280286090822846,3.9965550184918905
-1.5205029087962174,0.1913376185434843,0.9717681696956819,4.275940302571456
-1.0949909423188844,0.36202635967622826,-0.3029118695450434,2.978042253697588
2.795136884918807,0.957887064867782,-0.2714565493457851,12.350468588694822
-2.078253644087771,-2.054782355877883,1.1638170387375268,-4.558960220629099
0.06866905739352745,-1.4039512652258879,-0.7132874525394051,3.0390786410916664
-0.6674033242263729,-1.95744307294978,0.004248927389473756,0.07951849702905811
0.05653434860206207,-2.673286172720444,0.16144675176845197,1.8787357180059059
2.4480261003461155,-0.38841529113517637,-0.4506916543163146,13.86838497122102
-0.5109016490328054,-0.7347374509275818,-0.4941336730117565,2.630715761761991
0.5286548639962697,0.06472818378585565,0.6241198335285578,18.061958998806027
0.2568201612597443,0.16724837556862593,0.5658029550010112,10.613069961565781
1.0727991183251737,-0.016816325540159723,-0.8874814585326042,36.732545370246946
-1.043341002709022,-0.18125506709536718,0.08280588161710352,6.152808673976127
-1.4286180192439073,-0.15385095536367577,0.8192263637159038,5.752692915940258
-1.171357975733023,-0.0972865218706105,0.048043468513422144,9.564216049793977
-1.821934063558411,-1.3048210312323156,-1.0087485838452632,-2.732118891905054
0.9796419883680642,-1.2069925651678146,1.8312897032520103,5.910255588319078
-0.06183520877067973,1.7867759292749608,0.8617541136085916,2.035624689290107
-1.428145092450488,-0.6919270197893289,-1.408418025491667,-0.0057186068497998566
0.196840632651156,-0.29375241341117186,-0.18679516149966693,7.838124221648802
-0.5604316291051182,-0.45837502842672445,0.38664947425017826,3.7623540726333466
0.4974267669093637,0.011733529741425174,-1.1798968125830476,41.709758661680894
-0.14726492770291263,0.029764446358224686,-0.5400577638947143,24.35401028844225
1.252200715652424,0.05606770331481967,1.6598074406162253,21.51266632936114
-0.4040972015526848,-0.09348317925066399,0.5645775721863611,12.205396548410068
-0.18601737620096562,0.19510283681825383,1.497178358865106,8.306776023310775
0.4709767642446345,-0.001788623051181134,-1.2324929792577477,105.69057989937052
1.8153878220430852,0.09281690506960708,0.35116781796540164,19.253790602172316
0.1496446068766654,0.9784180121840581,-0.36333148418310063,4.000873886077517
1.0127630608119285,1.3355747102091509,-0.41598934462349774,6.070341121119338
-0.03298312943623723,0.9960814525831548,0.5753563452045314,3.287063693146601
-0.3549460279162309,0.8937554445960924,-0.9927801480486257,2.6854114922329657
-0.12957379705294045,0.034657570121276515,1.055212522561549,22.348965415697897
0.7427931257469294,0.7013613116134907,0.30666185152354575,6.607684830828493
-1.0762151867375684,-2.729180936020254,0.5737067601629929,-1.7530358475345131
-1.1868982492488998,0.5662827197957686,-0.4611351740937161,1.224772690223929
0.7795741625165764,0.8281407329521118,-1.4449366971888578,6.474204690496358
-0.6313843759661301,-0.0939526310627759,1.1998344829350385,11.381527505932489
1.9181303458677672,-0.19695092620954532,-0.5478645212810725,15.096783562982031
-0.19992450428592998,-0.7707688296794507,-0.8431082495972413,3.5193043544249587
0.0487758769693326,1.400705592935001,0.2303663332724472,2.883960254613082
0.64281779396729,0.22042488965256163,-0.059893397874167205,10.492211595626127
-0.015460813678684716,-1.1817698478695542,0.46095483320815683,2.9900412575987936
-1.2301940208349462,0.027127554743544332,0.4824302051518056,22.067448517040273
-0.3332287148484138,0.3857560199595013,-0.06903011462510457,5.116225324740458
-0.4242612115238432,0.15371398390828822,1.175268746839783,8.8713492904873
0.0032483663332065057,1.910956932633854,-2.5252793476402395,2.458895110964434
1.5815506122871772,0.2623049581960766,0.4490528144057449,12.598029593857325
1.4486375496641595,-0.011034338647880091,0.6342601779609718,45.79204291317442
1.2997115248837077,0.4486871047948843,2.0044182818322156,9.48309591058653
0.9241766119656688,1.7336583812108528,-0.7523706423485326,5.355076459172912
-1.1291969119226228,-0.7140043400472303,-0.4284239030503475,0.756431422000893
1.1918920873294319,1.9056770227737505,1.1766261674308314,5.83199117393746
0.050397869278472326,1.7175276941592201,0.907514717623482,2.449288835465964
-0.4384147483023048,-0.4670827960136141,-0.1543188022622348,4.141908017432248
0.537543214817803,-1.2926134900953408,1.1557381289319952,4.468406597161162
-0.9426727451543087,-0.5133683275448742,0.007437731961241322,2.240738357763308
1.1984638356066306,-1.1160523311704094,1.2755365042136155,6.828272033618946
1.1001661207414297,-1.615823610313361,-0.8919364415310216,6.0423620894071615
-0.4297127695929772,0.4839124780740516,-0.7891195440761516,4.11881315793888
1.0888814065738903,-0.620698418840475,-2.0711380901738874,8.258141499695867
-1.023898834733877,0.04993785949774905,0.2258733172800009,15.647764145734872
1.2049128331658276,-1.7180198690798156,-0.29254775908604663,6.206506911892171
-0.3852720496639087,0.613417897633469,-0.27789498853552813,3.4931383711203785
-2.3058371662304227,-0.12932387968040035,-0.32350165091677335,4.148359105482948
1.524531445611461,-0.08942272318826096,-0.3691602126953536,18.690160185919012
-0.3912496479322585,-0.06932769085449901,-0.11140336029155566,14.662196418293389
-0.2191354036559666,0.7431856203560218,-0.338399230260604,3.5020675516604802
-1.16392744637424,-1.4865717850079891,-1.2222297433230047,-0.8905325933467059
0.6431110089892351,0.2672359999635267,1.4347869363487602,9.454656105074822
-0.19860554147602574,0.05796096080390741,-0.16863546176883562,16.85443589513105
0.25961482159205235,0.6018116776050073,0.08521756868997488,5.535694727806455
0.9088750304101182,-0.8392700650520146,-0.06680591777400945,6.713723277144232
-2.2363989521803913,-1.711327446817687,-0.31795087329766986,-4.595477290738874
1.1698687163837997,0.2416862907113688,-0.25648610380539383,11.742391054416757
-0.9908255011501033,0.6198110788690826,0.3148014258405593,1.4988161297385507
0.29039090617249935,1.0768751526286449,-0.2471555362049549,4.220862686348897
-0.5945060711741621,-1.4245105087617191,1.0089259583532115,0.7439338073797612
1.1085245490437905,0.8521959885770481,-2.066698441475648,7.492664334861087
1.687622654402452,-1.0147504855811225,-0.05112077562091333,8.719217797770915
0.7232674591724927,1.4039460834031239,-0.1276167874936059,5.036525544349081
-0.0505702824673543,-0.0972212755991339,1.1170473220653192,12.970232545004736
-1.9505399382726336,0.5866893527404755,1.642729356911986,-1.514283925363673
-0.3648429389354563,1.0529298648848022,-1.192914721998287,2.303213975721696
0.4615748769879624,0.48781744601022725,-0.6672455145147377,6.8813601113672895
1.2548963083603968,-0.42977933876856816,-1.6094954328342503,9.877803335932514
-0.9179938819231638,-1.4390531856788107,-0.30551308580431524,-0.1473650730234457
-0.5920755023419629,-0.21090814779097822,-0.41026067773944713,6.859912871016083
0.34463367695855956,-0.8111798062664797,-0.7422998821047684,5.092605497956688
1.3779231812927915,0.7391296260119292,-0.24096187772405442,8.523543634555454
0.012295135408217202,0.9487457870480908,1.4456765859715281,3.4370147497756935
0.2662233189058724,0.07465323027784389,0.5634073167576475,16.041670921839
-0.045271804897846005,0.5311450532488282,1.0946016146134159,4.833863668288962
1.6719961545583901,1.5629675833968932,0.957731089343375,7.701581310581065
-0.043094733285076264,-0.6356107632612957,0.11640742894626688,4.426977812533266
-1.7218030893136291,2.0902025169229006,1.4724667842752617,-3.502886141963428
0.23450860134248364,0.44120611243021035,1.8183378737871403,6.216656758352354
-0.4424640627558969,-1.6747815297401678,-0.18881213341459838,1.063955772830833
0.7616238708839952,-0.12184372118525695,-0.6624236550597234,14.192688542315148
-0.3977795978029597,0.6660429599066429,0.6909835472529847,3.120679382316271
1.0636962876433789,-0.45391916063309085,-0.40365881458396596,8.980059973913201
0.22155186715261735,-0.14983805873258862,0.4391684884629379,11.130372550290101
0.5499719399203895,-1.9588129843185313,-0.7810426826166738,3.982347800708204
1.9080860720973667,0.8964398084956153,0.3686908111832442,9.648968671264523
1.4850994735030363,0.013100217762054445,-1.890666259149576,42.67715603605348
-0.7299516965685219,0.010425893909371185,0.019538559435233895,40.23193415476141
3.4533588106480795,0.6825951462999388,-1.4290199110671,15.368245893984243
0.7310329070461407,0.49599698816715404,-0.6153121821009463,7.67008542563194
-0.37843883126483235,-2.474945825622878,1.4198889522993963,0.4748361205525584
1.159915244255519,-1.4961744963437726,1.8986802437167674,6.056034232034817
0.7834391808384522,-0.27536712339986286,-0.2535690345832187,9.957179570515223
2.2084012005883165,0.7078413274517954,-0.7336599640211882,11.294904275917476
-0.129950379333241,-0.8173086277792637,-0.6576671965984944,3.5748359429319256
-0.6844868114665223,0.14128029396630729,-0.18767125856521558,8.69353281915347
-0.4057885418529817,-0.8787070942161652,0.5746830401350972,2.404036252194067
-0.49939011140360784,-0.4015796061515355,-0.37696409051195395,4.483506627201262
1.3668318973100888,-0.8818862723578089,-0.35666489820142167,8.063633384127172
-0.31037196178038706,0.4557138441949025,-0.38586688652936474,4.648496791269259
0.014227924793174633,-0.07460708235790134,0.8484553161265154,15.222681439990634
-1.4068646437660828,-0.3053537635884096,-0.715471479772002,2.6957730201393297
-0.1150602258871573,-0.6628360439420684,0.9868806378876943,3.9879685790980655
0.31960792194503446,-1.1467821377642289,-1.6202087956803441,4.311283142299729
0.30852895219399123,-1.802425125242171,0.29223795881819903,3.248466946177545
0.5423855753121967,1.0500359567710873,-1.3969208544285214,5.178073926533633
0.49698162037271426,-0.08999385038829463,-0.36332224062841406,15.414189337756797
-0.5234234969538474,1.0213049454614465,-0.7834935855329657,1.8326928372764333
0.9070437924003892,1.9944205948289924,0.459306900566047,4.947068963510092
0.3940734066138117,0.9937555978883704,1.0638664990225752,4.577792065827007
1.604264150289143,0.12334269663976931,0.1988465648913882,16.673731318359906
0.5261878167955636,-0.6232304663863937,2.2301180229455064,6.018006059889512
-0.164864830790093,-0.3274134878688408,-0.20526874640366014,6.270740168413956
-0.4602724867942623,1.520605380719329,0.02534123054922964,1.1555402997052864
-1.4434959316121936,0.2994367534237346,1.4217324594230223,2.4255655893822166
0.3670964914030126,0.4592063626227598,2.0141252356913677,6.47549892476515
1.4702236766080485,-0.9613557153080056,-1.912784997742251,8.334256961389608
1.3197218556624577,0.09666561320805798,-0.4566968943115742,17.48791674580926
-0.8046250102697011,1.0008970616863333,0.40343074423921615,0.8712263390343444
-0.699046536472714,-0.1896114145832589,-0.23988225133529043,7.035534200605593
1.541504196206977,-1.157757313879851,-0.6421283677472831,8.038752200637376
1.4208771430460192,0.006786837920481688,-1.0045447367284304,57.51328440369117
3.0968756628013314,-0.1727076574896277,-1.595524369372144,19.578383954384044
1.7733433834264045,1.4905891037584416,0.23542796954287043,8.186318507874587
2.0437628634449965,-0.3615152297313696,-0.987826747929622,12.911381257657977
1.6760493673100207,0.5920131368312838,-1.233424811642187,10.163654565754722
-1.7529850147577934,0.4913874714057959,-1.3875601713747991,-0.030920338779560463
-0.7371148798868079,-0.623793472884788,-1.1517311526101524,2.4258183252800967
2.0004557905179334,0.3123386280648866,-1.4361984228551639,13.377558775207557
0.14399664306503934,-0.1483887645315356,-0.506868879527625,11.04201987318054
-0.6728740448247144,-2.416869348287051,-1.792746713408701,-0.08293295213383112
-1.225989497803568,-1.3734959706196945,-1.3249064619304547,-0.9289637372351599
-0.7326657752894236,-0.14858473259244773,-0.8214824632623503,8.311201389638612
0.40765804587215004,-0.08989789971285075,1.1901886216176725,14.970320113050317
-1.6430147315738826,-0.7530846062883605,0.34684331048897277,-1.0774212265831284
-0.8519903136154077,0.08902603599273311,-1.1067304572961447,11.32908803416934
1.0463049279184542,1.2318198682339085,-0.5151219219982149,6.344349181278643
-1.9815079800956346,-0.3982703872575206,1.6776282625275745,-0.37590288977946273
-2.3630833358268286,-0.41170675181304517,0.8567410761878239,-1.5916571075819834
-1.166856398612142,0.3998995130156209,1.0630862445683062,2.2438585604127734
-0.8816771861358359,-0.759157937259599,-2.2004729645691454,1.5380106419864017
-0.3720166840760525,0.2133044482323587,0.586463825080218,7.390691715255925
-0.03138321196023781,-0.559450346870252,-1.0383911702213153,4.947093836521944
-1.390320203222983,0.07212696516165128,1.0608401912913141,11.062805224579268
2.6281525088768607,-1.535710145395278,1.1172959685061246,10.718091645554336
-1.7259903054403962,-0.730344289487752,1.1810757971447312,-1.3542676811191812
0.6708656960796248,-1.960608400279751,-0.9833784333760496,4.380118568018104
-0.6791010170604238,-0.2471151836896943,-0.6562364390914259,5.873967728261063
-2.1232404440549626,1.437460998188384,0.2808857952999822,-3.9934198780337162
-1.5287982428559,0.13674099208194765,0.11312407311623773,6.204141551086235
-0.06891952671290319,1.2263203783023793,0.02864068697430316,2.793888702701713
-0.43738472369211173,-0.1473372594801487,0.6834928811970675,9.129982439952734
-0.03271745262964177,-1.6341642637449507,-0.47208914030299587,2.4224563880170695
0.5769642174966357,0.2657791258360165,0.014269033031457011,9.432069283529923
-0.19541092041506838,1.2094415618279493,0.2463613042431283,2.4011385079993977
1.944566950227195,-0.795344304500679,-0.6413395162879044,10.157937819202328
1.10437397451616,1.0703805666850252,1.2037773701025483,6.630112078599824
0.33558398613898566,1.261078002966793,0.7554510139143105,3.9291536134679044
-0.45666107533689904,-1.4392694783094109,0.07262571419072536,1.2623189327730069
0.5376168123793009,-1.5697503581081407,0.0653193195189652,4.229401754967441
-0.14832666497525468,0.5963334994073093,-0.6875268049490701,4.359258679578855
0.7345933365175825,-2.3021349533069166,-0.07456794681479308,4.244839045031163
0.9110698265460657,1.3533055318745373,0.6052433094702706,5.616858873865175
-1.1848943432667471,1.2090431508514232,0.7623628615869422,-0.7640893113296237
0.8554720040088846,-0.873979197530068,-1.3236519378151668,6.57180054989856
0.20583998335379425,0.25636500739599044,0.9180093054850553,8.322960543329568
-2.001263410772753,-1.2536403178687963,0.6870767923236765,-3.392773214901384
-1.0593966514205935,0.6466096799390053,0.44276190242433583,1.151140417056591
0.2453823754186192,-0.4496935548531954,-0.6540625146634149,6.465125365914393
-1.5097466943998312,-1.228876925828877,-0.08114092447500373,-1.725245536985881
-0.5894358248035545,0.21376476750415782,1.2296363549554867,6.622700553535999
0.4465984644181454,0.7747870956665333,-0.30492069897218077,5.483888893385998
0.5158351522317407,0.43351640685547216,-0.15782818736031332,7.387204463870038
0.34995512830684167,-0.18080814206690157,1.8639303851772135,10.334641457568063
1.5895003561917547,0.5761785048065761,0.37340060854091944,9.808599087423225
-0.20722923993969222,3.3845360024256546,-0.9000255151917382,0.8552775437513194
-1.9401238418488849,-0.6971067965924652,-1.0729469183396556,-1.6650503531361616
0.21150296900249135,-0.8290632712189095,0.2606278220406586,4.51778231094124
-0.5404953447775165,-0.9676295787414619,1.3117204494906625,1.6719492476436137
2.5510637550031143,-0.41749768762737954,-0.8849263982914006,13.981871093846479
-0.4587494655905761,-0.7636061676373656,0.7395056835160151,2.563841015963394
0.4481974895446157,0.835904576259078,0.9494793621571828,5.163993178785653
-0.35302900916361785,1.597511382166811,-1.281109586644226,1.5335679642560824
-0.5382346872231507,-0.858665843805877,-1.5054927044806525,2.252052619275413
-0.5885657215424305,0.06951968913651875,-0.08287129182597376,14.016009070932045
-0.11515653248069146,-0.16299002743281055,-0.110543808715325,9.658526808039106
-0.5418918894494228,-0.3778881409771788,-1.6946317968893445,4.6910690678463025
-0.24882552396981658,-0.6697200229527487,-2.268668247101295,3.8617843755484853
1.8028240887071578,0.2875568028128431,0.15419741493529698,12.935472043188433
0.2459938093994406,0.15755237752293125,0.36221908658308444,10.930996091149463
-0.22486299945073623,1.0307505250589835,0.24894411368219005,2.644642605796128
0.6632592114550172,-1.3394478159451415,1.1685259367822423,4.792881534878405
-1.6015909152302281,-1.0752600195139952,-0.3151810128373497,-1.7128000485390245
-0.6343237069229027,-0.5113241014104274,0.5259738187516703,3.1656359357133397
-0.715953761932983,-1.3323885127135386,0.8867707999663059,0.5031973634228024
1.494780008303869,-1.766099142111484,-0.5685472630264834,7.098468814208644
0.21625797475062328,0.641602628738362,1.558066465511353,5.049607176120377
-0.48493372129198586,0.3841659369344973,-1.0876955145794296,4.755453737558108
-1.4374107086727768,-0.9766905108275681,-0.7989509430855372,-0.9378609292930279
0.23114300535842386,0.6766569398916402,0.22673735122743785,5.104958206875083
-0.6180014481380838,1.2515290846930096,0.5875866699761061,0.9674293264528884
-0.9810005395219297,-0.4292109400149066,-0.27537220852939126,2.730632970188353
2.5941454262010026,-0.271547721765729,-0.44128193537019816,15.72410327513511
0.47985746587423894,1.9322164115223859,0.60942572369391,3.6385470487062803
0.1699187430779955,0.012754311201100144,1.609445830032221,38.70302442662157
-0.5306555855330681,1.1727698868198015,1.3640225776419204,1.28237872106241
0.19755775037882542,0.8902083565982177,-1.6181949529367656,4.487946190580226
-0.40452076246444596,-0.280847970777638,0.17340741711809407,6.09724264649004
-1.0443083022673716,-0.28466055280596714,0.30665789820155587,4.016540477769875
-1.0674583062417973,1.5149571783563884,0.17156866334047996,-0.7608449199704073
-0.5202617751132393,0.2625285028918992,-0.4755742023470577,6.0886166399888975
0.15998362288011195,1.1546902975386457,0.37057290777093116,3.598827297087692
-0.9100477627085597,0.36050508284575533,0.22660016681757297,3.5190547251649944
-1.822632572325531,-1.1786748102741293,-0.29923672436522386,-2.6011916679368214
-1.6417501723704286,0.13568211793902551,2.25661634037244,5.639690389654046
-0.7611664595031002,0.9347259258859225,1.0356266876999158,1.0904449383491588
-0.0405615821167304,0.1478275652394009,0.8520251324743138,10.338168547273597
1.2731560648720548,0.38613151873798296,-1.679836464519772,10.314314139887722
-0.5137611008182835,-2.0144578882498827,0.49257485590736405,0.4641027248522178
1.0235563318948362,-0.09285072376517914,1.4756036629930636,16.63300795241832
0.9176382006406081,-0.5788240455653545,0.7602866015379147,7.641212259105328
0.7052569395157668,-0.2585162041947793,-1.934466367973761,10.141266519940928
-1.5706046029832577,0.4023573944478937,-1.7740415489754562,1.2429500743530353
-0.2747522710759871,-1.5203970364117876,-0.125402112082104,1.7544150887802878
-0.5052157667235303,-0.40016272137503817,1.2205093601286219,4.301445592853584
0.2962269816790509,0.946401147912159,-0.9939664008426162,4.598616294025263
1.1864570461785906,-0.6074243339950903,2.1727154474328896,8.17270739766673
0.17548064696423954,-0.3225639762145033,0.3009212744791845,7.344529171040861
0.9527961020441408,-0.34132443627323267,-0.31016059233903137,9.6328035124377
-1.5314517490824577,0.6872982305515334,-0.018047287440449686,-0.44830995327959267
-0.6738477277182356,0.31313217912192903,-1.5026664221773447,4.971902066315097
-2.112827055229542,0.029895180284841796,1.498291794595765,17.896311864479856
-0.4062453030041357,-0.3523248240202208,0.5112258712510894,5.156058111867335
-0.6271035111585572,0.6970253021818559,-0.0018402454589803025,2.3535399642681494
0.03521793996142027,0.8776044103774481,0.22405903080155024,3.8310079977199836
0.07697858778194358,0.32081869848763933,1.063591225662707,6.969965995823624
0.5805289297265841,2.4473463675284393,0.6601860926934952,3.5927424383336106
1.174386929929865,-1.4557277085925162,-0.0710536564113548,6.3805450759973565
2.197404084594034,1.6027197864980467,-0.5974058952117338,9.475009783359836
-1.217409366795078,-0.5712435231503267,0.5583342688792123,0.9952042275363695
0.37515884587518944,-0.07190104342024026,0.2768249470800779,16.72385959207782
-0.7804445146566649,-0.14260715955543818,0.20093426760141478,8.295960676407859
-0.1492339565421343,-1.5880930864919138,0.4232947252719602,2.012348996858635
-2.7397143077143373,0.1074416272254918,0.13703734360751801,3.9374998162634056
-0.9403263573678641,0.7989999089128417,-1.614211590370605,1.1744223650483843
-0.2680177878400063,1.5032511062033322,-0.27726971237271947,1.8117348225337864
-0.34611594774780086,0.4404781300012634,0.2983462722860102,4.57732577887532
-0.6639593732223167,0.7800146166040427,-1.759197455654783,2.115589916198454
2.442019307900977,-2.3252709641100076,0.36963677181786664,9.546728113585607
-0.44733672961445137,0.15610596595485332,-0.4342918357801798,8.888214626569425
-1.7678844727059133,1.09638753667879,1.2029082089512466,-2.4445056084523253
1.029666044288862,-0.2767909141373086,-0.6535216327201042,10.749088095275521
0.233244845094602,1.029842040093064,-0.3206311187438649,4.145554229094584
-0.8769311392441556,0.31345357715598093,-1.5697422604567315,4.335834838004557
1.2399517335775596,1.7455813249409178,0.33634097336883784,6.2232845517316076
-0.3743092444083798,-0.11697087531003404,0.5970450084015371,10.754216212693896
-0.7842220853836962,-0.9507561629378081,-0.6820344173664822,1.1637210796387434
-0.5289472583782687,0.46469695192486726,-0.28204446221433904,3.8873158664004634
-0.08817162285506847,0.9899520076818178,-0.14389179919089207,3.2049892738061687
1.2785424031638042,-0.4108002188422762,0.9603833116767098,9.844469129956758
0.6763066834743791,-0.12845397652910867,1.0301918552838667,13.410657500378537
0.14045117352108036,-0.6630702863294582,-0.6819700604593809,4.968623601872577
1.1489065521527402,-0.1285171588129398,1.3979222247522907,14.848291756815682
-0.46070031257156946,-1.0845638885182627,-0.46236750576012187,1.8678751431638192
1.210638243992786,-0.43319544099514923,-1.2239141858960676,9.676984702210321
0.45129945989128306,-0.24610010232656676,-1.7225826217628886,9.542814205998365
0.6478668399395382,-0.434531284652193,0.7891813744736409,7.690913302203422
0.5723404159822053,0.7518772083665708,0.35367149527542424,5.8856861541712835
-0.6336170223824794,-0.8480452457736163,0.6346146250266208,1.766513806660386
0.12236355072891146,-1.4256384581597867,-0.3838107804321846,3.1463595319780433
-0.8014153236958032,-0.4092914183810546,1.834026654167792,3.216176248002743
-0.2389860342013136,1.311466244351063,-0.7036578184215843,2.2016162517229896
0.34019166658511085,1.4195905377855988,-1.0060058135745824,3.8995444400765726
-0.9414903304130673,0.13128229534837535,-1.6337024784584822,8.466669848063889
1.2316530250539772,1.3475066560814195,0.8457271300557202,6.604861803048995
1.337474321414161,0.23177985967234535,0.5648770397718568,12.372133094384745
-0.818187330409499,-1.963449557255683,0.15989688834737942,-0.41558770316453186
-0.13370633018752698,-0.41762803625931205,1.1492745446165107,5.328599636837042
-0.5865940078426571,0.5657496810224248,0.4883055918389738,3.0132480321789408
-1.9829805462113037,0.5494600762539618,-0.9738842476940299,-1.1363669293152494
0.9170852531443208,0.5308042027472224,-0.8030173228801405,8.062520470977681
1.362255873195379,-0.6474229147071505,1.015556175065065,8.690335439296577
-0.9490848252906194,0.8236664742248005,0.732769745251577,0.8352306716157325
-0.3524570402281546,0.7345757561050452,-0.06386360529366748,3.0850311671525126
-0.9960086166974556,-0.8056609754956083,0.5495759851076281,0.7628856337000078
-0.10419915725178211,-0.9215142686253723,-0.3551166136309063,3.3392168396317397
-0.42538477562097626,0.701634080413876,0.5596563968068086,2.9088132279528764
0.7289982987941465,-0.9798694863638139,0.2237549090282081,5.756226271490403
1.616984236669101,0.9798357040421874,-0.19298491747423147,8.589975990821745
1.3296416133693556,0.9901328195472047,-0.6322930570899653,7.708174503615607
0.6845421706454539,-1.016064086931662,0.5248307497003909,5.502869758325269
0.10921768444075568,1.833402492391913,-0.9799706676795229,2.723592830283971
0.12587749413873872,0.8156071031616197,-1.5090538766960966,4.463720753951743
-1.0822810890999341,-0.020495372162454274,-0.43554163705819743,26.689612973090586
0.9494870968550903,2.257581228319114,0.24259222328546556,4.914996287014474
-0.426658965630847,-0.6706834676372959,-0.1345704737442061,3.100674801023889
-0.18635418337706003,1.8411093608271953,-0.36391422114256367,1.7276674738099904
-1.1188018140936984,-0.38061461883085784,1.7176945453187042,2.4908113420480222
-0.6451225502822574,-0.6200440544296372,0.3545565153898212,2.5794743660473167
1.390150314892714,-0.4108525938587105,0.39575999877017787,10.258557000699374
0.48664028016440963,-0.6587652180387579,0.6256102348566237,5.936547782677604
1.312306437127537,-1.5680554013374173,0.7038738953138184,6.59500447885654
-0.3990567563303768,-0.9183032814992892,0.9276388560513197,2.2815869988970863
0.5830317928066927,-1.3559044757378704,-1.7418430575365524,4.816143573587229
1.0391546407456802,0.4485447650916506,1.163831772235474,8.770269673432693
-0.8182725867268861,-1.061365664585249,-0.026172859125493508,0.746122146517206
-0.3440314068660255,-0.8429568400814832,0.9934833336841905,2.6496196685295965
-0.7711361013661355,0.9696005916556354,-0.9601999641201396,1.187200246944413
-0.27381166998942225,-0.8868735935728541,0.8360806269959614,2.7671076145538294
0.2652428871827956,0.4057647608941153,0.2546099719507867,6.783282045582633
0.8388875366411497,0.9849919504145118,1.5514647333979237,5.936038152115309
-0.687377227797139,0.9442528833857656,0.8250240317145097,1.323485884905194
-0.22571032975063796,0.2991495308963603,-0.43773748564400516,6.461916267583623
0.21485298330616057,0.07518549335560169,0.004422672167872743,15.883297593449427
-0.381853897847007,-0.5691515698448361,-0.03569376225726111,3.6953202010504795
0.6175097314688234,-0.8797583693407341,0.34063898911885987,5.6418664487249375
0.4431165299240094,1.1615744260255423,-0.9481673300650771,4.610927391315481
-0.7358475304077864,-1.6418410542504231,0.744482809059259,0.07525150965313987
-1.3541090507140727,-2.5541055801671204,-1.2773635604924363,-2.3471588595100465
-0.4335943829773582,1.0870270448026451,1.6219693953946468,1.7142856011380374
0.42670101447934106,2.6355434510334184,1.2032821882140108,2.9430345295681573
0.6298056647154014,-0.9424741793993573,-0.904671914932483,5.647579953885532
1.8550431058038135,1.7882214233300537,1.442053162974278,7.987291274038249
1.694261933791972,-1.4124380068058233,1.0586915132769672,7.944344038425718
-0.8704401461298269,-0.7618421416738792,-1.6671754951207423,1.5184819973350523
0.5765816036375119,1.1913984792251928,-1.6743759715045883,5.044934736242017
-0.4146675344088021,1.0670192165955195,1.325723944451167,1.8499839133452762
0.7361800801337498,-0.043498781546997906,-0.527148561998444,22.676580203897334
-0.3963652718916515,-1.8954158264332783,0.6092281250848935,0.9167243106157239
1.4666154717514166,0.17147963931728935,1.2314762784207658,14.201720738222104
-0.028773348627449506,-0.46672732333494865,-0.9826471879125517,5.513535055284586
1.2223874006547,1.3897727106835467,-0.4241036503497022,6.653979416263861
-0.8648680423450578,-1.2011337236487516,-1.2061788293798485,0.4575643895835082
0.9315747846087002,0.08585752090493748,1.4411047398458854,16.93065945983989
0.10460542098702068,0.5858232374829012,-0.7081482189198778,5.207285920535343
1.070043157006699,0.34010005846497926,-0.46709689720417447,10.030698688859827
-0.7739681012638961,0.886293908985008,1.1997903683300177,1.1547017971542726
0.5834378202832925,0.14837375486389437,1.6443534068603922,12.18198473455971
-1.9099559659827172,-1.0861694423746944,0.18615365240355336,-2.75560498814332
1.3364052352293436,2.307639111374226,-0.3750906191015263,6.162914393394318
0.22033681808548883,-0.6452598154958977,0.13418968561924216,5.2108356403958425
-1.3372560584800965,-1.8541916369290734,-0.15208805394848401,-1.9212928241974563
-0.6052895444852822,-0.1465795460101897,-0.5863723316423666,8.766961275687482
0.4735269757614016,-0.2749345999072967,-2.0962736129199646,9.162031947014162
-0.8053062667774658,-0.45415805269426607,1.0648519962441139,2.9463146046762514
2.800149041553453,0.8884237359929299,-0.31994941442611285,12.54535402514885
0.3326613238137361,-2.121585682160821,0.32728999725262775,3.0613175503838113
-0.6651524510703652,-0.06953322740009735,-1.0040566342540795,13.865454115663459
1.0908707279117216,0.2711083413936206,2.644849414472005,10.64154807400998
-1.5083915496191362,-1.3666323477091367,-0.9262014812139336,-1.843957407068908
-0.1203748152688261,-0.32609328992403935,0.42322291661830436,6.35922233199868
0.2751070928140591,-0.3456849136327474,-0.6397371644475607,7.488679631015542
-1.1453243442391259,-0.4016652200862806,-0.7062999638618253,2.4862725661687888
-0.9198757691206878,0.6867761144947355,-0.9836636776123363,1.5715991060630987
-0.00035577080363960906,-0.4409455062959306,-0.5221031850322598,5.745469248886788
-0.7628277690701059,0.0918205805732148,0.06431801179792881,11.263913397239184
-0.14151203716706362,0.0476694443165459,-0.8142966375236315,18.993875552106847
1.1090191079661202,0.47390373293148935,-1.4612182190301277,9.082905707655607
-0.3696413603480392,0.42073009881187157,-1.1458676350808692,4.804435564590401
-0.516915173833118,0.728271594420517,0.46666802120373474,2.533663730479942
1.5604097819282308,-0.07280533013513178,1.0571568107399034,20.255952923641797
0.05144347768661332,1.1622197128327525,0.7924697126245318,3.1971556437201043
0.45476779347135593,-0.011324199756128094,0.8435221321207018,42.10086782312581
-1.3732984239469086,0.3244467572522056,1.0850966709224483,2.367253669365346
1.0275987954642054,-0.8938981912692064,0.9789107229026781,6.820470566589952
-0.5732580681384284,0.8986667439732455,0.22681628779345342,1.8632008599720524
-1.9111735479378282,-0.42413622565386827,0.5700448517884975,-0.24162415424501926
-0.040162719117824264,2.0422614674875383,-0.34277486327834905,2.019305206804558
-1.7688143560501957,1.2370217879657674,-0.071320454800481,-2.553377744638789
-0.6260566480290416,0.23108626921549832,-0.6883563217739883,6.348641722390603
-0.33116315824042075,0.8401662748390776,-0.8238278052490966,2.8915641669696384
-1.385913148518275,-0.07976035763029429,0.9630924311445574,10.276298304122117
0.25155704525059425,0.7658726150131047,1.7494599633501429,4.666429909355047
0.22840050081915025,-0.23930220174021033,-0.9596535471339194,8.899107290105357
1.0681163449127882,0.9419616820156101,2.677475589501869,6.608996553812931
0.3802086680360928,-1.1200407712275116,-0.34437526886035263,4.429622001972533
2.212377691963489,-1.277206476982219,-0.2937687687899057,9.913530991381077
1.0694639532713397,0.7574483706703501,-1.103232839325364,7.576261778368899
0.44112348731984724,-0.7613030470374478,-1.8361492442577405,5.6554860800032785
0.5138611619338422,-1.8688925059942343,-1.3635929255664347,3.9992289010770454
1.1408105887161126,0.08169303987563646,-0.5417934451057229,18.18925019109378
-0.6405580764334758,-0.4636147580069797,0.4458216819593555,3.46691402616357
0.716984930568266,-0.15356366909222946,-1.52666937084181,12.742624593238293
0.5849084183097513,0.8205620159340964,0.8072431530833694,5.655157881007146
-0.8818352197596401,0.8386772250300721,0.23679161406202706,1.0574795808568842
-0.764141242233448,2.0660096781778328,-2.2628869800272478,-0.09641095474622274
0.9392569370686288,0.5907620452345689,0.6191793787492489,7.665791412175416
-0.13167214825386683,0.38144984340038285,1.80329778998259,5.573222028510836
-0.9248261416722379,-1.3767406924278869,0.23780373275454408,-0.14296064580774503
-0.6772369352859755,-1.0613830515459093,-0.3954248824205658,1.2272154589521067
1.7124331585405113,-1.5083560170651613,-0.7877068831823035,8.078216933752612
-0.015695663571223088,-0.2577721196607072,0.21172387360211228,7.681990217990709
-1.0229825178907361,0.3919253783496853,0.3845715122970368,2.8441588974760874
1.3277654560624548,-0.7867672674435565,0.6131038255816254,8.115222450643934
2.1812770717887644,0.07763576732029576,-0.23904323261245536,21.8285034050515
0.03431261264954036,-0.6730483855081053,0.5719794065341159,4.463122208693706
-0.5146743459881857,0.7115440265811677,-0.8477361829544173,2.7374060136811025
1.403304494333296,-1.1365105140840088,-0.6702174272916231,7.64577792648511
0.2503666172063576,1.1512328582476832,0.39150046789597576,3.8866847288449864
0.71386980508246,0.06243181766575838,-0.6209557254195677,19.093498469520657
0.36371557116832964,0.03361318967933964,-0.23199651217118208,24.40846513176853
0.38398539240778334,1.0679261847407193,0.31709943394828677,4.473127835263963
-0.1880559904172052,0.0730794436166229,1.7588715845853387,14.646290293728981
0.36764591781722183,0.8864248631091716,0.659013612046103,4.803685158952787
-0.7311599915674163,0.568712782760699,-1.129701136523859,2.708675553052288
0.17285839857256083,0.6482295202105164,1.808542972981279,4.853316588495448
-0.018878938942760277,-1.4260913393118109,0.6262628394252946,2.594202383372884
0.8511249616444994,-0.5018815585729163,-0.015816548497630825,7.94915283789747
-0.23940648803019265,0.1532320736382389,0.0812331993580363,9.593122464733899
0.3609580158279846,0.049512143841461305,0.36164535721778646,20.06898531394513
0.5386296285063291,-0.7777063356946824,0.16479171494661815,5.714398146981138
-0.6796679795461535,-1.8870841211074219,1.129971815748233,-0.02631581744162892
1.0887524094018837,1.3068875285791586,0.6974145483734379,6.231920313124044
0.7267151529408171,0.9973096666700261,0.6732644228249376,5.659966309818477
-1.3735136296497854,0.5477497658701248,0.11892228585595958,0.6775555939838369
-0.23781224629227096,0.8777207304169996,0.2377963899203257,2.9714609996589907
-0.5898948829075112,-1.4417087587071964,-0.47779781546639155,0.8973928687699093
-1.6760855204162224,-0.6819801306980736,-0.7096845458111304,-0.8116830292032077
0.17983914416554814,-1.1390379636033936,1.380893380792997,3.57273555398323
1.490969640762626,-0.32927385360373207,0.8652483743058805,11.333882760755797
0.24026570825672058,0.8775298864224371,-0.9273934442353112,4.592361472796953
-0.9651457031836288,1.4387573028434326,-0.289608645219543,-0.2967399088631246
-1.0720078002931916,-0.07504624812837099,0.14898759824964283,11.840180643692577
0.842106612749191,0.09148601102499417,1.4181318635826161,16.178404588727243
-0.5051364810117813,-0.2588691625101295,1.1441634052793686,6.020240539185416
0.6673667611808796,0.7058458294859835,-1.0272516573217338,6.489257289520488
-1.8110387146201652,0.6171701965820209,-0.6498516942384875,-0.9659941276333849
-1.2114260737319986,-0.030044533755232018,0.9900838425596402,20.72522801659357
0.34603332871070824,-1.0752616958398913,-1.3010095195003877,4.501270578547988
1.7601086005164623,-1.5015452363926574,-0.38388974289922984,8.196189169331285
-0.036942502673665285,0.23867413787174685,0.2186758263367844,7.957981601524024
0.5025687386527613,0.3436858752827441,0.23883131710934713,8.134560117738388
0.18759392140125036,0.8689717808791768,-0.4313715955437526,4.401537809858162
0.5587133470922271,2.1299758327807097,-1.463565772277186,3.9434497573523974
0.24343511763544576,-2.1517688577437846,2.6279021442264443,2.4756126865917594
-0.5005303315437516,0.05132542356148606,0.5053173314769095,16.990693949905648
-1.268956254369672,0.6397344324213227,-0.046137230613597244,0.5750136180812762
-0.8162531666968192,0.6265178387560641,-0.8708488653515877,2.1383462849764756
1.493612544954695,-0.8651792104510648,0.9735467812698827,8.362505426168903
-0.46620856826361423,-0.22313867973420287,-1.3139635049859835,7.073354265361568
-1.4423402039049513,0.5016831449237296,0.23527200166588114,0.7184971537794012
-2.346763704124376,-0.49633472955734265,1.6160212693552736,-2.249634288294856
-2.4188344598652693,-0.48334476826899975,-0.3248623042779792,-2.172576474424567
-0.9170977050788659,-0.8023636046959949,-0.16050397226752303,1.0973362258287493
-0.39900528176035516,-1.0658054303304056,-1.9368744875510076,2.2361338856184836
0.8890443005919119,1.5207445055970927,0.04281809559072724,5.392531087747929
-1.9238661343273813,0.11111354317785704,0.22359775334127677,6.265344631208273
2.297896549628948,0.9076297171575453,0.7408613276549344,10.802993589862599
0.48704574892157104,-0.9287968822537462,-0.8633557540237007,5.228705290270177
-0.4087890832899408,-1.0931540600031409,-0.4989276197760258,2.0178197903869375
-0.15413402139020793,1.302838793924574,0.42619611928708884,2.3636326082715984
-0.38531247848679173,0.6222234225976536,1.8980274778404005,3.2024883329635028
-0.23701458049555205,1.285536846780715,1.626940521952945,1.9883167654353016
-0.513428985780205,0.18851773804926983,1.0158081789381717,7.510313625951114
-0.001548647318770963,0.2402693299804084,-0.5245963036575091,8.116003463071637
-0.990020625902561,0.9845907480215257,2.4648700699512327,0.07230835315360307
0.41439829232934544,-0.12762677205361989,-1.1310651853497273,12.854961885151692
0.15632802878834307,-0.00910718178377002,-0.16649145067426255,46.08056613684711
0.09592115765399542,0.16074665964991325,-2.092315574115587,10.58445843557985
1.3045797512883939,0.7604153917599731,0.4011724714342193,8.152019015771657
0.02574619634624219,1.8578211701524547,-2.868168106836359,2.60242041782868
-0.36248725719457187,-0.054783152868657835,-0.007057123009261484,16.85059886032978
0.4429165375638714,1.4666286655197187,0.2866452704699623,4.030728233827239
1.193944567919955,0.5573808580860597,0.32628943629835827,8.668987794797628
2.32847451064241,0.8174466231902258,0.4827688539311947,11.178664976249044
0.2241831424027993,0.17832159261827604,-1.2249979091057837,10.350214679239432
1.0364964737134144,0.9203463023063367,1.4722727089837686,6.721235308396808
0.5285233132377939,-0.0016725638948444641,1.028205667883417,109.22009496825193
-1.0873230088175174,-0.5882669922033165,0.44253495160610307,1.3310346402454334
0.26741138058119046,-1.1180473998111677,1.160714260137991,3.913283656147493
-1.3590884911960501,1.6225034495293178,-1.825738222121401,-1.6055230303247454
-0.5553428062928362,0.7831592047209573,0.25813875724859525,2.2499501219351217
0.628694109816113,-0.924364855917919,-1.4605507758724934,5.740428537905203
0.8024918148833652,-0.2603367140639351,0.27516076798873457,10.202320473512964
1.0718008948228992,1.3252850340143218,-0.4880998213491843,6.277958769320005
1.298210472174079,0.1439282311233261,1.1764065333997598,14.661552133830686
-0.43475092754833145,0.5552539208012646,1.3691294245006325,3.4434826432964516
-0.11781400358726804,0.7991322935874338,-0.8927211372245708,3.691381656460473
-0.7933633122471422,-0.4179831613195006,0.2071018394458014,3.3599671279807453
-0.8064478086601843,0.2816562900590019,1.4139566119490141,4.680304299785272
0.3034493772135628,-2.110923736433,0.44280262619612865,2.964567353621339
1.795412268878396,0.26570745252239564,0.5168838747051037,13.20663503587904
-0.15228881292219926,-0.3048898480742487,0.7832037963695451,6.484627074489535
-0.09706108036414202,-0.8044965351336163,0.7317708742918985,3.570057979418776
0.3778742476069467,-1.4250870478531805,-0.013303173290594435,3.911559342050685
-0.42606999586460853,-1.318653130802981,0.5495526121656162,1.4722190385054097
-0.5143472069921341,0.9234228724890001,0.8851116450395433,1.9114464449456359
-0.9661884684839873,0.6726536405003342,0.18239897401338576,1.3642578258575704
-1.2517974428666412,-0.15435231640834535,1.801863643658912,6.170861217856764
1.362981997043628,1.344542796806369,-1.319818762713195,7.244677645450391
-0.1816813550025886,0.6682807391690897,0.7881512276731865,3.7793792770342947
1.582455464810761,2.804695903347124,0.6306857698004535,6.5565630448797405
0.6168308704229344,-1.4213381940006438,0.14654427507004886,4.650210034329951
-0.4912899905494393,-0.09995079512941171,1.2298897661771941,11.376241168821913
1.3452213296214206,-0.5079502937888078,-0.4253786449689424,9.50597598310179
-0.9589175423519832,-0.0669848829522203,-2.17335087657966,13.364452386443755
0.1574728212600873,0.45905042672314555,-0.45874046743175745,6.101647975565271
1.43493509998915,0.4758311457124531,0.3239500355496035,9.91630376154883
0.6084514921335022,-1.0587621572556878,0.21399021499492768,5.2080530959335505
-0.12792126675315818,-1.0755532686499512,2.5189973615378984,2.5796703676779273
-0.2360427140363364,0.588892439897841,0.11115898440260712,4.03828131218716
0.41691076515951714,-0.29305690682263585,0.9429020661170404,8.415285812005825
-0.18343991913057212,-0.41076115493085136,2.148421893221942,5.104305021882249
0.35917654813448185,1.9037790982985776,-0.21727379356202198,3.3721549558937105
-1.7684332797528346,-1.5679789379841846,-0.20079400928533236,-2.9854258215810185
1.3312260718297941,-2.303545689665832,-0.6160610781230585,6.1733395021186075
0.10679521159576362,0.8122651131792157,0.5841725792590216,4.203406134559774
-0.7678762439303624,0.3035823345885615,-1.3009956620787972,4.782127991413741
-0.35978362499162747,-0.3511682841693464,-0.8069344577579115,5.451185533266372
2.919007961163486,1.3662805296272469,0.7156419956445133,11.894328548080846
-0.10303870960179866,1.0036104432310016,1.203035529885321,2.97760219894223
0.4659586669387201,0.8179024936690326,0.033089482567539956,5.374716584504702
-0.5436928680602565,-0.1850245161317457,-1.9880185548562654,7.813351538161925
0.7739406873819122,-0.43089231226208896,0.5952148055119796,8.137378783286533
-1.5562640025374948,0.42946811852155475,0.6852282460906871,0.8178965069311523
0.5130270148543626,0.004914706155704303,0.5510385825929411,63.948939410549734
-2.089780133393938,0.17455000005301638,-0.4002239133876011,3.113992311575143
-2.0505294692866345,-1.1435608336972163,-0.38590741084568236,-3.24596732152754
-0.2502215622964725,0.5245042563706436,-0.7412760736251781,4.4258478776414325
-0.7919594259566038,-0.857901911481714,0.9317194208339535,1.2072647810168122
-0.549036812628472,0.5820048497143196,-0.20458441547677714,3.1222550371890683
-1.1412698504674854,0.5058289661305441,-1.2443648171078743,1.7865428986751093
0.20137254204731503,-1.0130948245311826,1.171622783614346,3.9168736481448323
0.6729508346860049,0.2494132146943526,-0.3651478654552511,10.051216661807008
1.48474938140206,1.2936058149951017,0.25448008040987347,7.54496030513371
0.6475100307976951,0.6660277042596748,-1.362384277619618,6.613847125662147
0.7242396065993487,0.5663348060203665,-1.0987395273534657,7.290407432784512
1.0304650455672555,1.1837089357527624,-0.6401387106340231,6.387549367924797
-0.15845549291365393,-1.450320442211027,-1.1821757483334252,2.3098084176417326
-0.8662891015746079,1.5727473618812866,0.2234440564011179,-0.20139567035826333
0.04036874853080524,0.0337235351453768,-0.8415896276304476,23.41365380430569
-0.07956197168674757,2.1087748284951404,-2.06328948397028,2.00600044228273
1.5221230641276973,0.5349811460084075,0.11189422953119363,9.846457481763311
-0.26588149788300514,-1.7449632279830989,-0.5664318331376804,1.5871709262224267
-0.595562376064049,-1.4228484234257135,-0.6905858081000082,0.9251209011520184
-0.6088949078585711,2.0931781230518482,-1.3139435145115044,0.28833311207798806
-0.8217531984528383,-0.6829687567349441,-0.16675144655937885,1.8137548702289132
0.5007289622578316,0.06054692410803213,-0.7092156510307912,18.707316693935212
2.779594224754818,1.1163056340646969,-0.08827092482941938,11.948158018748773
-1.0590369225786027,-0.6838118418791358,-0.12790774613393063,1.0609602436511727
0.4732058391639188,-2.03427014447755,-1.8019487020839582,3.7756512764248455
0.08931811448936954,-0.6754481688869057,0.6427050912255973,4.618350720639735
0.8680186993647359,0.08319415867797508,-0.7619830705589496,17.212983380132936
-0.09992044275301688,0.26631457327929126,-0.8816073220243801,7.387109351795291
1.230957728564806,0.41965681513975467,-1.1744881580276247,9.844290763583176
0.08596569184414062,1.548614421349283,-1.1295848111350695,2.953732472484532
-0.4766774940541518,-1.1303408921486309,0.03781610233184197,1.678831992218888
2.4028004806539958,-0.14696076292587046,0.8509325606725261,18.048382629560592
-0.9943942681024637,0.23251777460829115,-0.2147111605978517,5.1153813972532
-3.262686974369441,-1.3771441852824475,-0.21195077551724886,-7.440666945353039
-1.1354658988076904,-1.067544150209453,-0.4917831398701563,-0.21513124286888552
0.5468251024431527,0.28719948443947374,-0.058585446720335874,9.017321509322782
3.112670306315164,1.2157126578131066,0.2586204485260719,12.782018740222082
1.9741842571423849,1.2923284148727336,0.8194758678954187,9.021494173804218
-0.5575246304729493,0.31462457417767287,-2.0659606463691453,5.367666780862803
1.7015732990755246,-0.6104034196466058,0.9143919150793356,9.933163484532319
-0.014643746428749424,0.4743231604119294,-0.5903943740082676,5.46758032168079
-0.1224440874289769,0.2616469469496963,1.0163384046896176,7.191102281048478
0.24573266971287205,-2.3797607942365393,-1.3411330151984724,2.784814045305029
0.3582097286218589,0.023588498526298237,1.1801766760101682,28.930863520264896
-1.567856870509748,-0.7235454188955632,-0.3772274921080039,-0.6616236079843278
0.9341179976366759,-0.2221743515239735,-2.036625182725702,11.5568413174577
0.5209467245171772,-1.0660765068900695,-0.05674864005255628,4.947068895951927
-0.38590974574012815,1.5021780178504165,-0.7094239860608714,1.4858899182549448
0.1938653670493298,1.0110210428960396,-1.712533384497319,4.194289682848909
-1.3537608383694397,-0.7013279395628093,-0.3371975889732197,0.08903334416106612
0.3377758379965415,-1.4047387357892567,-1.1300776881314183,3.923303245176712
0.2166074863751482,0.9786382093800674,0.574356249907686,4.110799096971872
-3.008479296156181,1.2816434125471927,-0.22230548310608428,-6.502415271498255
-0.9642930192668173,-0.42848660104552694,-0.7767855889758184,2.8388387549475604
1.405096541380155,0.6851569480484405,-0.7051873524488252,8.855204633636584
0.9318111877397001,1.4431588033698293,0.4035657900764281,5.583582490465995
0.3773806116996369,0.01772021690260857,0.3713543904892753,33.53309963805507
0.3845537354154934,1.448358170920934,0.16857330324211175,3.8831929308573594
0.8288379165883153,1.060430053400957,0.16105145855054773,5.90270818060592
0.1705528992128211,0.3567776008554028,-1.9112226392915397,7.158977333248362
-0.02050102883075378,-1.7140176023190068,-0.6097802624393508,2.39258563852358
-1.3888425365614372,-1.7604036644636136,-2.0502273074311645,-1.8191623114302824
-1.3096095892409618,-0.6324646456041694,-0.027515554287276735,0.47718722999041496
0.40993814045828725,-0.025679890187930546,-0.8608503879632781,28.109098843428743
0.2194851264921022,-0.6916202354120574,0.8632798117329595,4.938524364400418
-0.968306420757477,-0.5950602459210129,1.6728998721540058,1.5267510670684732
0.3795946520148418,0.711882551630229,-0.14357204809482163,5.475150362007792
1.1578569483917243,-0.26920273626674,-1.1255429597103903,11.315332749075484
-0.5747743478737496,-0.4043586266397129,-0.004488074494574495,4.184072349815243
0.04238119269138262,-1.3410112183724012,-1.7162202852649742,3.1365259571108375
0.7523298002460398,0.21034720483675548,-0.14983014168422204,11.06974007802896
-0.13094400472510556,-0.8979599145789308,0.49335131770430135,3.225447485730241
0.160180062613257,-0.9753767222594695,2.6186796814508995,3.6856947847636956
0.9935963370838687,-0.3460149282522133,1.0572198716055359,9.559264649824668
-0.5385684341722238,1.1989999340894855,0.014914704555937299,1.365360145615427
0.31492780007604343,-2.4442762018782216,-0.03865959628325864,2.836213483124039
0.8360874017795142,-0.4433911679552135,-0.8873816826042421,8.390482248886412
0.3889205352337166,-1.6705865537411846,0.8526078759200043,3.5664514043250763
0.2538815358516178,-1.4505052434324763,1.0048111428232458,3.3761859676359687
0.09215917330090831,0.2786998361186983,0.467326093393697,7.657835501959704
-0.12667134673274144,-0.9167824332637757,-2.776572112003576,3.4974608341066684
0.5132799683258401,1.800313227478153,0.6485767383481097,3.854198744792205
0.7500138105538376,-1.2855452169405126,-1.4377674871670347,5.41669382005629
-0.2960843588655754,1.9493236088609946,-0.5427795745996102,1.3086907076009053
0.22150119562213572,-0.8528364365403116,0.6254675516003759,4.440400902256001
0.9831334458498074,0.2949771039770745,0.27198563039866125,10.242736187066868
-1.571417718459265,0.05717386108621267,-1.051356755240661,12.75550289286081
0.865739961708586,0.09733714833020281,0.9229781734633593,15.863186581900857
0.6383364311884896,-1.024246992105745,1.0114226531520445,5.2844672729542
-0.8552798198696013,-0.13759373098970554,-1.2205995065084887,8.415426171115783
-0.2149130177342604,0.7670326984504251,-0.4935465607686558,3.450203295826264
0.1295599396223965,3.3470031152224693,0.3922012089912248,1.7941828131005528
-0.44706268716677217,-1.4057622954002946,0.11160621596913173,1.3322173217059294
2.1460132055425394,1.6323546604149346,0.24827069269942928,9.194041940005736
0.5452327573079034,0.613789713609777,-0.2989892289981565,6.416842310975543
-1.3185195337445519,0.44497967640720687,-1.5897661168419197,1.6746250078502487
0.8139645314320139,0.04333873394740275,-0.0009523190619673447,22.90633332952545
1.9590075435119556,-0.5341028566208078,0.23487431377011095,11.21076848871281
0.3015068134371772,0.09179813962738059,0.1166531584875052,14.603844874535282
-0.004613319212368077,0.22735786802655536,-0.6831383020622837,8.375951418586968
1.4556377622933199,-0.8213100454279404,-0.4768840417511042,8.52617514965715
-0.3841993731517139,0.9915119085199977,-0.5216829872862455,2.3099104817807494
0.9298342731841777,-1.8632072435348004,-2.1331709319801435,5.3784629295502775
-1.3930359695768295,-0.10544299047449021,-0.6599781202984504,8.377830894162326
0.5665934244923337,1.4840248351664376,-1.4387582634481588,4.569015499372968
0.634230323993566,-0.618195189975708,-0.13691444388926272,6.6594979419989455
0.0187151856775452,1.4657121332309142,0.2709350725325768,2.700912216357837
-2.1972020538285766,-1.164547507309387,2.047265246177168,-4.024944667806646
0.5546640854841136,0.0764687213593054,0.6215239455357869,16.747060767735118
-0.6389346426695952,0.5340001021761123,-0.33296541715164557,3.1092054595653638
-0.28093948089434256,1.5084506887660587,-0.3009684384426224,1.7673091692168743
-0.14316295478644173,1.8975714516032784,-0.3183968297386461,1.809631216636626
0.23708674979351296,1.1195439007038368,0.6185744142247666,3.8779468419943317
0.514859674869298,-0.03859369592600925,0.020646401193798503,23.238773507863645
-1.9470174640870253,1.09242765001274,0.3804939841271328,-2.905366130347246
-0.09149260504495502,-0.06739677863447377,-0.8385085805599558,15.916890146115628
-0.7477556718521893,-1.2528852886231854,0.14196905368711238,0.6064377098349363
-0.0069763236901714204,0.5582908843591968,-0.7505716382174253,5.00233911869005
-0.34735098018736776,1.1012665775281392,-0.845079492641489,2.2291266818438054
-0.39330931365581134,2.426504772541132,0.20675354644666302,0.5955247658167713
0.004038522384353883,0.10666024086031355,0.12240538028578826,12.608392201919683
-0.050733917331267704,-0.7984210952584055,-0.35296289693531907,3.8510699676857714
0.6487478932359102,0.4434229368239503,-0.9414433827179228,7.806871502691656
0.723431066722213,-0.4902459176419268,0.118795008644893,7.607743913111487
-0.2211831556050912,-0.05240197615969639,-0.9297229397420206,17.813720736620052
-1.3157144488637842,-0.2392773093321666,1.4794658435745098,3.783753554795502
0.21401804552397835,-2.0031198231401106,0.922482501322356,2.710533406495875
0.3634246550544462,-0.44552541289922937,0.44814593636904787,6.751956815300588
0.4065544149799334,0.12802134131539125,-2.344848992476586,12.917691545054721
-1.2953009203527026,0.5767665510410597,-1.3221023164729635,0.9128981467049566
0.4515346289888549,-0.46576230076061037,-2.115249646940418,7.130625408233312
-0.5283875537375629,-1.2920753500126763,-3.010832452750919,1.5218217556286273
0.41779319259476483,-1.5469688490785052,-0.30392340860001354,3.9174090084673474
0.9596684954442648,-0.47075945624915766,0.9858069402622365,8.383094195023485
-0.44729810279837684,-1.1754314229645302,0.028865898274857808,1.6911114425390623
0.6880181485426491,0.8429706350844823,1.508567242920199,5.829936834854947
0.7658647990996894,-1.1567867017675666,-1.2804544441670846,5.664528964349409
0.2395702097561291,-0.18221368096647447,0.9887963167042653,10.05465989793948
0.23573807610467193,-1.2200206164131453,-1.1183779729254262,3.8755239520800915
0.3534005863687918,0.8779053764288749,0.920539599162811,4.751835834105587
-0.13135902113841086,-0.9679497505283998,0.7806250167270264,3.019026155723944
0.19719812072256926,0.47206769920695607,-1.1571698493733935,6.202970424038051
-1.0511260756344905,0.6417704846799344,-0.9407681425138432,1.3400415678928819
0.3470658257850552,0.2733902691110965,-2.235657752557551,8.800338291382628
-0.4200251470858387,-0.2871610955147406,1.3276144787808242,5.824140602814643
-0.28393686981212474,-1.4511072716557767,1.1423497881879212,1.6695875150672406
-0.5563265432721768,-1.3356078381202647,0.2905844972643912,1.066881961446421
1.9991039598062486,-0.13532361581492464,-0.320472616692594,17.395343542393288
0.31147147323669117,-0.07072863551094295,-0.4708434879883281,16.73858192040779
-0.474518846527144,-0.8864676607071212,0.5435744884261509,2.170790760864519
0.32069294037626894,-1.5292763429272052,0.3230347147552293,3.566836024390931
-0.6150222272491793,2.289505615070026,0.048698330172463195,-4.9511508195543286e-06
2.553927440203584,-1.1386220904808255,-0.8180169903334714,11.271096984142302
2.5436494200103135,0.013282844680292047,-1.2825241794420088,45.680600274804924
-0.10082665051836213,2.2056480525818927,0.5637222093485439,1.6146555481612224
-0.730658972788313,-1.4351036557580694,-0.35756273822058915,0.4515552039509867
0.21124217700114747,-1.022417847772881,0.81454994098204,3.969474857820741
0.7252060614869428,1.5918982864518139,-0.3354176074078959,4.835595492559074
0.009603780011882428,0.18844949016492088,-0.21545973594301301,9.290730032981758
0.13437470730113335,1.857311936897141,-0.6215006294835241,2.746715575323166
-0.3821473801628387,0.2811367914464806,-0.15448318613993528,6.19780429592135
0.6485228277066024,-0.1500621477324885,0.49605843962773805,12.45686868999529
-2.0218145491641097,0.9762220664668801,-1.4778181611932533,-2.709286402467437
1.9550761283394331,0.3741314923021333,-1.483032225408544,12.552874534100907
-0.8375896475961556,-0.33120851012681696,0.7227503149872951,4.012167704800148
1.3229921695036162,-1.6476644546705321,1.1897562418079504,6.485201202203621
-0.4774491705691654,-0.07701895418148444,-0.8476596345542393,13.600179745739055
-0.13702264872520345,0.932294366663067,-0.06317034067676282,3.1791634535233486
0.8518400655403692,0.3071808842319877,1.189497744356575,9.56162020162143
-1.5247199120322321,1.3788161697803791,0.18820735623499574,-2.0250903377163114
-0.9738956506358769,-0.3134108652181038,0.3891426540861999,3.837466161511735
0.7533201661955994,0.2297179092645562,-0.7910866548549893,10.719589292487237
-0.4237002487560123,-0.3969575892152706,-0.016559606006691995,4.724810888531124
-0.6377652910106532,0.35254761593175404,-0.2604871024966963,4.508761453163132
1.1483872312138212,2.1002636524329223,-0.5813353934166912,5.73394125280082
1.2473744755952556,0.5889042415344651,-1.710519901991077,8.87520940305069
0.5550191950119516,2.1152889197874885,-0.6445012796714976,3.865148279972919
-0.0497668246426994,-1.592715124713566,-1.2838995474064687,2.49184157465427
-1.75381946700351,1.006640365616306,0.42285368763670034,-2.125584528008674
-0.2285353158745764,0.1886492401583228,-0.4035857188261282,8.556357517682224
0.40113147287175005,-0.9053984750351693,1.2500672056235342,4.790285864757267
0.8250113448411346,0.7311673955654109,-0.6424598982406764,6.854972625528113
-0.01551494919847851,0.8128264946483861,-0.5427696811402003,3.9365174602184467
1.4561806307654357,0.2582365535541229,-1.1252727221747556,12.432508179100035
-0.2176039143043484,0.9700501738508519,-1.001993257767155,2.929097707530644
-2.084032335208097,0.31953011110297336,-0.9080473816609731,0.40657289902830285
0.8648550833172522,-1.209061421252966,0.8950209022832241,5.660105688426119
-1.1667885027771314,-1.4155829258109978,-0.16005871271281671,-0.9133428698887447
-0.8982205045566897,-0.02703735057698382,1.1090621715520932,23.08354170884396
1.5891852057333142,-0.5056367560646985,0.09732912809400121,10.232525701598288
-0.9007371743351889,0.27233766425745903,-0.18996694827489127,4.70661433877054
1.3087910637034803,-0.26424926626970574,0.7157706278327863,11.679265321079843
-1.3690269572975735,0.3970766198208504,1.9389196159298347,1.5255329028590954
0.2538660586435864,-1.8606010226107594,0.954388591393328,2.950058534837023
0.7456514725533958,-0.5538479146117994,0.1909726398580027,7.294241262325518
1.8536368952002975,1.4404539193695616,-0.9625837462948601,8.622935831803701
-0.45962393335015184,-0.06504711973122367,1.0224916449455814,14.868531167949703
0.6714265999790919,-0.5624324314494568,-0.16954715220805347,7.05333492096357
0.9416477901222271,0.3892719831203625,-0.0804016471738952,9.090166974080965
-0.7650948423837693,-2.639913630980207,0.39530329737760517,-0.7107338063146227
0.3773865019018368,-0.29453708643682625,1.8913159464526819,8.154397987347073
-0.3893067453545064,0.28167346364220586,0.5514055530740359,6.091362294880155
0.6464081614517989,0.8000965437969565,2.2926403249311766,5.726267754237071
1.1523368532916376,-1.2465563161458437,-0.21276150482897016,6.623058677324372
-0.9597069687760178,0.28084058109776483,-1.879970822220888,4.551312025850842
-1.7918978993744463,-1.4581043705107934,1.0926368920987743,-3.0707826785685697
0.3186107743456985,-0.34460873262395647,-1.5481764232722366,7.722470216873486
-1.0594272319870142,0.4942242818229704,-2.35276509426454,2.213275697124915
1.0122286367604165,0.5561815202111622,-0.3336597714314332,8.174044395485158
0.034742691046842515,0.42238113341969574,-0.30851142242463453,5.9796976041400685
-1.147312806088126,-1.8661389774841473,1.3332424332367447,-1.5017439078194192
0.6779005150764902,0.4241585123646756,-0.31900908646210724,7.986964439061125
-1.1829669211899336,2.045229408183652,1.1590046773574108,-1.7385284637274072
0.25286434295008764,-1.016118277616201,-0.5667657691154923,4.261415860929356
0.0657875464087551,-0.30207343091244354,-1.1816997579564121,7.410253197388325
0.06890875342873498,1.3029712215214777,-0.9585822132075404,3.206134648136336
-0.6787803069830605,0.7974155968633948,0.8941852352244417,1.7458425313030907
0.21999007002341034,0.08775784807983884,0.2648807342982069,14.665692191237014
0.8431175878545126,0.48149479461578215,-1.1013117419959824,8.163323696494992
-1.697417453435836,0.16692445491733685,0.12451990284813978,4.532410512629841
2.11330401731848,-0.9894838182761334,0.3814924481667004,10.06612693490545
0.5378310669763567,-0.23042108899805322,-1.0703557427907158,10.055126526373925
2.4909337390729065,1.0318801420302712,0.3478852305084318,11.163415349132876
0.6286498140992091,-1.0004994424001556,0.18582031528654133,5.3985253045513435
0.04325032156998508,-0.8880479463909783,0.11533733977597069,3.8399250750519363
-1.4104811967104616,-0.4601505127692519,-0.2745095956387031,1.1492540290708488
0.6255256429641005,0.2505300549093463,-0.02060011315813994,9.846794555901095
-0.9021794616813825,0.07488250204147419,0.8065699490205503,12.318566786467729
1.2459795511731866,0.6130502400958396,-0.28499578572534606,8.620293948485395
-0.5577736622480381,0.2951777153618854,0.8680454009714671,5.332353904893004
-0.47608828084007615,-0.6745489701301698,1.3881520238433578,2.758246440411852
